4.295991216801128054e+00,-1.706312873675240871e+00
4.226385770520717067e+00,-1.176680225081871978e-01
1.862068803776321113e+00,1.117486734073394716e+00
2.655267826469635550e-01,8.109710847431019776e-01
-6.532018860217752909e+00,1.881236545435491514e-01
-3.505124193495926299e+00,-2.111913380423414976e-01
1.389607439365814878e+00,-3.421708963662007386e-01
-5.946976877362248892e+00,5.149183075312053770e-01
5.547559932563337348e+00,-8.871472194694468572e-02
6.286811715096821129e-02,5.229201282992983479e-01
1.256229605777844149e+00,1.340868812703412738e+00
-1.099646469743019273e+00,3.113492040216192525e-01
-3.034501228463353684e+00,1.399145075416834416e-01
4.184341021297056096e-01,-6.563957806475942403e-02
-5.409453695556199371e+00,-9.230355132629357306e-02
-5.229230234002520739e+00,-5.976547645180275703e-01
2.443908125852913837e+00,7.014501201610081615e-01
6.033549369833151488e+00,5.932952640926966170e-01
9.309936008054039425e-01,1.134670326830867770e+00
-2.655784919684021528e+00,-6.730674523030594214e-02
2.874153054407549313e+00,4.638901606657646476e-02
1.356158205088890512e+00,1.507359767833184039e+00
7.923317028125521411e+00,-6.091066520806963647e-01
-4.754364622589849709e+00,-7.436560549931460207e-01
-5.500986297517907353e+00,2.673950201294345574e-01
-1.723611946872811496e+00,1.747843654136202463e-01
-5.492189841888745150e+00,-5.188694136664984136e-01
6.386516677126335750e+00,-6.553535439132681661e-01
1.843988288417347521e+00,-8.589987037792143898e-01
-2.264223806090903679e+00,-4.396843613779167215e-01
-7.931266327700386976e-01,-3.888280999381882319e-01
2.293246487375978582e+00,-4.744069530004868529e-01
1.558392657673491666e+00,-9.250387311733409001e-01
3.616865725507321994e+00,3.321901490933515944e-01
-1.138826991559090951e+00,-7.574294803310996915e-01
-2.527418264912990598e-01,1.126853941241810375e+00
1.995707940282106296e+00,3.423361240457602206e-02
6.733763625990923707e+00,2.676965484150135022e-01
-1.981994505377649984e+00,2.530102798474994086e-01
-7.096300441313175833e-01,-3.344894664479820534e-01
-7.062646668929803084e+00,-1.228707658943134939e+00
-2.594173869318574521e+00,5.560326945152157911e-03
3.381298985285177583e+00,5.649937042494271866e-01
1.575076926753009809e+00,1.205244083580850889e+00
-2.799691338768525384e+00,-4.337251076398311589e-02
-7.309254587356474042e-01,-9.620898819721503958e-01
2.901972934644603264e-02,1.054289977668330325e+00
6.322084000435595819e+00,6.933171834946751932e-01
-2.297987576578136348e+00,-3.415496553512633038e-01
-8.931885088436097853e-01,-5.929066313711145453e-01
-8.204803142415986628e+00,6.064849562785139536e-01
-2.256267115849678984e+00,8.564554167285443054e-01
1.553228549891439769e+00,2.589808329238905138e-01
-7.359435211400670696e+00,4.993696366334901549e-01
8.848640014635817508e+00,-6.273541177411561254e-01
-3.237942427305752435e+00,1.164207691095520580e+00
-1.517021490448280163e+00,8.036150685806945360e-01
-8.005114360650149585e-01,-3.856524662979178841e-01
1.562923933719230496e-01,1.892698086386189471e-01
2.941363955546906883e+00,-1.247909346661508351e-02
2.269521243316365844e+00,-1.411425040283369181e-01
-5.104898681650465342e+00,-8.683848797898803262e-01
7.763576901704482225e+00,4.563132596678081687e-01
4.595525232012356298e+00,-8.419115029611623502e-01
3.433606032133499575e+00,8.631008374366114788e-01
4.575702463671777132e+00,4.493249937899256863e-01
-5.644718853373799305e+00,-1.428581887358900127e-01
-3.974909448566039227e+00,-5.385557640466918095e-01
-6.379111215182337702e+00,6.098100388522910142e-01
-2.922072059367545105e+00,-1.326752704089988688e+00
-4.490496951213736487e+00,3.850196540896134723e-01
3.774354553820946645e+00,-3.659114710617346056e-01
1.265465260523111590e+00,-1.309698076012671408e-01
2.911965820642734570e+00,1.265532197245038126e-01
4.817380513127472064e+00,-1.842576312366500102e-01
5.776746553000556617e+00,9.448046437860702085e-02
6.090845151320820605e+00,-2.555835577255201052e-01
-2.572238338036948235e+00,-1.825252541258055028e-01
2.341761143454508698e+00,-3.110775780337215468e-01
-7.823151354204544106e+00,-9.641652370691411456e-01
-4.136235870746054921e+00,-3.487803067582924688e-01
-2.463707394525833649e+00,1.533612676452819512e+00
1.442380754312464930e+00,3.680331839248526249e-01
4.544155220818338670e+00,-7.180804634809896392e-01
-5.218457052781564798e+00,-2.284642438485886273e-01
1.191845357506791325e+00,7.235199023615384029e-01
-1.915465091645458751e+00,-9.377718623126828357e-01
-8.303649932053532856e-01,1.022162405770908666e+00
-1.770860145423641119e-01,8.038544479836977619e-01
6.296978439430076513e+00,-1.554012154936029955e+00
-6.935518419380554134e-02,-3.907321626626062971e-01
2.268669876380089878e+00,-1.017252580505580539e+00
-5.488918392612393227e+00,1.154677208540472622e+00
3.788485584209781543e+00,-4.625343125033681835e-01
-1.915377353481259315e-01,1.968078777349224762e+00
5.077260622652127964e+00,8.636264688604372575e-02
-1.040018085721772900e+00,-5.390280513298592591e-02
-4.977390687952853554e+00,3.311663636808095390e-01
-2.847465653595771418e+00,-3.276553362789749735e-01
5.985433405206399549e+00,1.268768002598264832e+00
8.670946292422888613e-01,8.090730514653341476e-01
-1.822530871393310603e+00,-8.334883345235961638e-01
7.105228366098229387e+00,-5.798573769132588929e-01
-5.706872643571235137e+00,9.890586908022664936e-01
-3.239732898648477910e+00,-5.627078654256933987e-01
-4.641615536346993309e+00,8.287411672286603137e-01
-3.258241858965057247e+00,-5.575855536489239261e-01
-2.697530996543294979e+00,1.013112496840785498e-01
-6.766941368119274713e-01,-5.197624078373904721e-01
-4.896830681290529341e+00,2.825255667584196662e-01
4.336407929298862207e+00,3.278006786094084246e-01
7.581472030397389261e-01,-6.363217964936471738e-01
3.109093630785428441e+00,-2.101345701902192165e+00
-2.709299870764724449e+00,-5.168506128018618417e-01
-2.429636967984866835e+00,8.785233770291702715e-01
2.009263415990564461e+00,-5.409762018238759573e-01
-1.974497526736180841e+00,-5.242117223468486520e-01
6.811246388585604494e-01,5.508434560984412642e-02
3.046985922322313911e-01,4.793303862402403248e-01
-4.006611129343908395e+00,-4.680023148466413985e-01
8.704363349805424477e+00,-9.198408753866298415e-01
9.863026904309995402e+00,-4.295087751540222487e-01
-2.278104697311489346e+00,5.072705717959417049e-01
3.456237168635658552e+00,-1.220797774141220815e+00
1.006268223863032141e+01,5.694034317496452502e-01
2.725275341704803456e+00,-5.327273461526642329e-02
-1.540230550876626081e+00,9.485606949969485058e-01
-2.914934702445361570e+00,7.913363166248850444e-02
-4.443314682725383769e+00,-1.561265913277168904e+00
6.933482501310883617e-01,-9.034621315313514645e-01
1.787452169783099176e+00,1.941867042455901693e+00
-3.079347845945283435e+00,3.882006112884920923e-01
-8.874216091189717215e-01,2.553143585100692281e-01
2.767756881586848738e+00,-4.407593976914506856e-02
-1.046369223479419297e+00,2.011560819906483000e-01
1.359067623713606232e-01,3.360312709104901902e-02
-1.389535201566310496e+00,-2.624482772201052749e-01
3.815448569601188389e+00,-1.512517693991804579e+00
-2.557724197134321642e+00,-3.582448530958414201e-01
-6.643017945899861054e+00,6.079748977158556666e-01
-3.342767618136219365e+00,-6.686532445102179034e-01
-4.390628512308313525e+00,-1.567638994865061752e+00
-6.195478676331334089e-01,5.692289331296402910e-01
1.217139931440728295e+00,1.528822991737896486e-01
-8.374365567384465692e+00,1.776851451768758638e-02
-5.749061141144997222e+00,3.305008200900601267e-02
2.985943847763136816e+00,3.104118145910694793e-01
9.620837750746412675e-01,1.222917280115789707e+00
-1.239624299762370319e+00,3.057694976848003843e-01
-6.457772139187030191e-01,-2.998558011661479616e-01
4.503931205389868908e-01,-4.604952068190067971e-01
-1.373991950089952896e+00,-1.146799724167331780e+00
-3.319391017746545991e+00,5.888004045846914059e-01
8.941961015164913817e+00,-5.952652207506766713e-01
-4.525477379363413988e-01,3.815148463732034312e-01
-8.696162990734782383e+00,1.835191291393373669e+00
-2.162225626354699504e+00,-8.102201094986659635e-01
4.513110573292762773e+00,1.118678433277518591e+00
-4.058155141357884688e+00,3.205420174731735128e-02
-1.334088015174345720e+00,-4.701040962758047947e-01
1.714021559627880720e+00,3.673729493150244552e-01
8.195517169764631404e+00,2.562836877927858747e-01
-2.127270408950866776e-01,-1.184707164432942328e+00
-8.121548401440030762e-01,2.577453836437214041e-01
3.585362224377475204e+00,5.435838580651928403e-02
-5.260282131875497313e+00,-5.456078178125773892e-01
3.018211817676601072e+00,-1.299194179216107692e-01
8.261455451103508096e+00,4.223309965831539836e-01
3.768280113365956030e+00,5.951954171516465886e-01
3.149252604210772688e+00,-4.062711500427105826e-01
3.652973701147274710e+00,9.702821316758067915e-01
-1.905488456891062943e-01,-7.100639141301304802e-01
6.368310871682676400e-01,-2.787919656339023500e-01
-8.290887050012784698e+00,3.700216197243658134e-01
2.231406441856073286e+00,-7.109186057848179141e-01
-1.630679526850652872e+00,-1.364337536989864041e+00
-2.419066610991998933e-01,-1.160887594568161263e-01
-3.585434410599585231e+00,1.030833796376410483e+00
-1.450992565484140240e+00,-5.384699456918716765e-01
2.077973107582198775e+00,1.330057027214825993e-01
-5.159331727935975387e+00,-4.737534053241425624e-01
-1.123292240056407154e+00,1.025912206559473488e-01
1.998939070021807041e+00,6.187469329220048886e-01
1.575894337635492359e+00,-5.519091108280040070e-02
-1.214823586628172247e+00,-1.348215723821805767e+00
-4.727376862980236516e-01,9.828888448287091961e-01
-1.067081876690808251e+01,5.744380782190123824e-01
-1.326736232922191450e+00,7.596825467102868989e-01
-1.366301071902456421e+00,-5.575775135416748823e-02
5.224898234707999745e-01,-4.511806092602472784e-01
-3.527184356861057246e-01,-3.043596770560125773e-04
-1.769141999683032207e+00,3.096644183280113927e-01
-3.299017589112784865e+00,4.275534972007335836e-03
-8.136318383422656453e+00,5.253245959927852482e-01
2.635809129669054673e+00,7.663587786546381675e-02
1.493894142887242760e+00,2.704734735926402900e-01
-8.287891589571696471e+00,-9.522633421217321370e-01
1.005299647169070720e+00,1.011597861479782035e+00
1.088059692194385697e+00,1.652514879945725657e+00
-1.042950035891372140e+00,-4.517180626828035117e-01
-3.053716218489833240e-02,-2.344616437220398697e-01
3.259824914242346328e+00,-2.692080242029515347e-01
-2.065427228337824772e+00,4.502566528090859999e-01
1.299767167976070059e+00,5.524828410126069178e-01
5.074093571676112191e+00,7.652500393941269463e-02
1.686978601228323327e-01,2.987647681204267935e-01
-3.688301029290462552e+00,-2.752619578692218072e-01
3.406186264255083862e-01,1.167855214665571406e+00
1.818723297074575918e+00,1.307633908386988120e+00
-4.256859565063141559e+00,-2.520755309917246945e-01
-3.401412612211882677e-03,1.553187169059059292e-01
-2.886681652612284932e+00,-1.178903195499353823e-01
-5.461646849521221370e+00,-1.826161847283038986e+00
-2.791287018403694198e+00,2.459312174341986845e-01
-1.679500873588550380e+00,-1.221246122980912396e+00
7.116247821330742296e-01,8.782469008952201728e-01
1.438420269493462911e+00,7.818094074295384166e-01
-9.548065969600549874e-01,-3.876093006484284120e-01
3.955359197562959839e+00,6.571250736508237322e-01
1.330814581106420258e+00,6.589986662575599841e-01
1.953250665717743084e+00,-5.234819682155883447e-01
7.929250502442009463e+00,4.850524259802376781e-01
-1.136828937196066036e+00,5.455901017528598240e-01
-1.290629637407460839e+00,-5.004568217069328417e-01
-3.344641695488977717e+00,1.187082272249385895e+00
3.284384244056340663e+00,-1.096477184120018711e+00
-6.693507424186533328e-01,-1.750349859931440988e-01
3.918536375693438600e+00,-2.776642056942252301e-01
1.244904597981907779e+00,-5.636165608194597665e-01
5.646839861668717653e-01,1.007615185896870713e+00
2.739297241626404311e+00,-8.188541255261629903e-01
-9.838447439777665338e+00,-9.771650095883568921e-02
8.673873861474199476e-01,-1.641448755306743612e-01
1.082039656225088997e+01,-7.599410938778476954e-01
4.277322805586476484e+00,-8.964558330968340760e-01
-8.622317871309166382e-01,5.126492413840506163e-02
-4.097617886869765691e+00,3.660538653608619297e-01
8.410710268629025821e-01,-8.839064437594360557e-01
-2.021054689838355511e-01,7.596269955462734425e-01
3.998792892155137224e+00,2.990027431868587104e-01
9.658937987865899855e-01,-1.685532936337902354e+00
-6.439550647348093015e+00,7.548317373145025933e-01
-1.279493947155963540e-01,9.515869809800601153e-01
2.012405046136487741e+00,-3.017005362670109880e-01
-2.635731755646121055e+00,3.829842310622496027e-01
-1.425314613800409802e+00,-2.478932486353941367e-01
-1.027054041810896878e+00,-6.576906384814630302e-01
-7.666717161081716192e+00,1.096719845585902631e+00
-4.730744409466486111e+00,1.870205042376320848e-01
1.009041250941151091e+01,-1.514048040927250760e+00
-9.373696183026812179e+00,-1.259103298648530100e-01
3.824591471241394203e+00,-1.567888994201224628e+00
3.928228454673938330e+00,9.250208900706079485e-01
5.339623841604441701e-01,1.480055153048644712e-01
-6.284018717478969229e+00,6.274719634275235380e-01
-4.133752010156982237e+00,-3.337949097369214413e-01
-3.442361017591613614e-01,-6.927323105437500628e-01
-8.469147041941993415e-01,3.194992355078726809e-02
3.760485878585798414e+00,3.672361301525883803e-01
-5.751156695892191140e-01,-8.428870913628830897e-01
-6.865676160659475613e+00,-7.683145397159845125e-01
7.781152765093902746e-01,3.019863519213480951e-01
-1.353644796946832374e+00,4.493793429730416067e-01
-1.628722567611047500e+00,3.983052592803904557e-01
1.410898138849972172e+00,6.497055030296917666e-01
2.327348505126357825e+00,2.859986842505504723e-01
4.341975396163382794e-01,9.260119905143173735e-01
3.176751955495091373e+00,5.988117267790599163e-01
2.877195815376276666e+00,-8.529535458611090526e-01
-5.427851260687067025e+00,-7.353563332706105626e-01
-2.776352372804327118e+00,-1.006851045263555677e-02
-3.663813339225489241e+00,9.831676450949085044e-01
2.736028345966465380e+00,-3.605586431154696458e-01
1.046844503464390064e+00,1.194213068252445858e-01
-6.224020304728389519e+00,-3.399525770767314325e-01
2.899500096430720930e+00,-9.546233572764611930e-01
-1.089628213586294025e+00,5.617666080399590367e-01
-3.459185995437244365e+00,4.077966824054794492e-01
-8.777104605169602891e+00,1.239555618184662533e+00
2.831276552526071910e-01,-1.188698269486241799e+00
4.098520914378953606e+00,-8.591782866380417438e-01
-7.861884576114205103e+00,-2.298214288209721456e-01
1.694464500850110467e+00,-1.797572099359869002e-01
3.050666781776122605e+00,9.423145918966476797e-01
6.140797799088415054e+00,6.426650526034420885e-01
1.003315062488764342e+00,6.567074284463146616e-02
1.415105316477776931e+00,-5.097078063859075137e-01
-1.394223629938776021e+00,-4.675066230053785965e-01
2.165087857618752221e+00,-6.400529979595823704e-01
6.345382320583668800e+00,-3.358158705791232101e-01
-2.029111233663346781e+00,-7.571111463482363968e-01
5.781054727881294930e+00,-2.388878751875663231e-01
-2.831334239692258059e+00,8.246244192811987006e-02
8.728153419514386613e+00,1.850137026852461064e+00
-1.968179766331718428e+00,1.607085661552092593e-01
-2.510945271798215472e+00,-1.328561980549126664e+00
2.517108128521688748e+00,-1.681040114367073901e-01
-6.830656988127275397e+00,-7.533410564030015300e-01
5.292446597090639138e+00,1.653014067355723093e-01
-6.395264965111334687e-01,-7.308998750316683668e-02
5.016737618587389314e+00,8.360913034037682490e-01
-4.471185037083035496e+00,-3.722667525616710216e-01
2.642306657285726335e+00,9.297369803766099006e-01
-3.556137497966825448e-04,9.861779304988977923e-01
4.261904902561456154e+00,6.928461749329566377e-01
-5.782544823126442246e+00,-1.267057970366410602e-01
7.218916424192751702e-01,8.700133473602019718e-01
5.135540378721019650e+00,9.449869536893643063e-02
-8.223336295552083897e+00,-3.942524477447121867e-01
-1.502216986394086851e+00,-5.681055492292271802e-01
-7.003149543602094074e-01,-4.960019061628641035e-01
6.111855190751205313e+00,-1.157131462970603986e+00
-1.596863582513129654e+00,9.940704653833195570e-01
-1.021067838417606621e+00,3.058640658455271666e-01
-2.578169463285660545e-01,-1.038863761109432682e+00
6.825167679988067171e+00,9.925029677533379058e-01
-3.114622141367538788e+00,1.449376656988995649e+00
-2.532911174914380226e+00,-3.046048418553075066e-01
-9.827433624928161748e+00,-2.867768166382043682e-01
-5.049204056296463961e+00,1.253385457687398175e+00
2.554848104943189924e+00,2.590164201314172285e-02
6.910542782075333790e+00,3.833216639071179155e-01
3.451717509454007016e-01,-1.975782154654818212e+00
-3.719495096556418190e+00,7.777212350223413617e-01
2.881996842806048509e+00,-6.532374934803019118e-01
-5.844390219128804409e-01,-4.185779383038181756e-01
1.751749529223229018e+00,1.160276113572543261e-01
-6.312990544804477189e+00,7.119096688229956671e-01
-4.476442468065457148e-02,-6.228326197253078456e-02
4.100912629237022600e+00,1.663420776155620506e-01
-2.176088343035325945e+00,-5.969076476235961604e-01
-5.054579257222211908e+00,-1.958896089295781573e-01
-5.398237867925705480e+00,-3.585273142131040758e-01
-3.231665040858917148e+00,3.891424027255689366e-01
-3.777652070772029358e+00,-3.892584090929547547e-02
-6.106179759926986250e+00,-3.620938745333345810e-01
1.139716662196513353e+00,2.668605972095396961e-01
-5.777043412594562888e+00,5.306668442524994367e-01
2.941658926019157683e+00,9.092624886587765687e-01
6.750474710240121468e+00,-1.464857841312708353e-01
-6.213743659571637629e-02,-9.836971737218768164e-01
-1.154918426131674636e+01,1.031771003167435002e-01
-3.037626099048589268e+00,3.566188265542570290e-01
-1.063794527272682311e+00,-1.765174618388574146e-01
-6.311351020759657260e+00,8.091511028339213318e-01
5.229711524790106481e+00,1.356975249265151839e-01
6.382983463817507586e-01,-9.396067944552234374e-01
-1.777061346489158034e+00,4.845228854915040184e-01
-1.574416311343385333e+00,-7.404003328811599172e-01
-1.148536327763091780e+00,-1.178847904013781589e+00
3.800571543066549318e-01,1.073621981494610016e-02
7.143028911784875312e+00,-8.747301440541582762e-01
6.683921889114807779e-01,2.610606338698708839e-01
5.273399865821788435e-01,-4.442297743008569166e-01
-2.124766798208157059e+00,4.890148960109985121e-01
3.597737659150404887e+00,7.540205997057819465e-01
7.463108505487513256e+00,-5.934279284160001167e-01
-2.980851503806071001e+00,6.198528796840231392e-01
8.113274538408830949e+00,-1.117083730213442455e-01
1.768478813923210602e+00,8.717243434494207355e-01
3.160122596541878881e+00,6.675250179574374609e-01
-5.489776918324507093e-01,-2.356490409000651376e-02
6.418436448411135586e+00,2.577897015398203373e-01
1.286024246661208403e+00,6.824784233023200031e-01
1.325446029400983772e+00,3.812718470728194697e-01
4.824422241638972153e+00,4.021270719583976971e-01
-3.212881776175261272e+00,-5.921020258394263935e-01
-3.026657238268002370e-01,-4.572168224294390071e-01
2.578511155989207992e+00,-5.624447818400637455e-01
-2.435377675452621293e-01,4.260522639484358720e-01
1.329864183639836606e+00,3.411097223257849587e-01
3.386569955228423967e-01,-1.001121640772450139e+00
2.276096816787205324e+00,1.190418393480395243e-01
4.097756523551833729e-01,-1.421150118099874904e+00
2.101963019568226176e+00,1.546373436667229651e-01
1.905007298975935459e+00,-1.632471050183183781e-01
-2.585945335301618186e+00,-1.163018899838091258e+00
6.379786352040787811e+00,-3.713717081881588444e-01
3.661403282917278013e+00,-3.077904067149553891e-01
4.912304288879925096e+00,1.286503483012731319e+00
-2.487429852983303213e+00,1.228625383234212554e-01
-5.634497304564081155e-01,1.320866282358459931e-01
-1.220292748717614950e+00,1.373737550923891104e-01
2.894363954830343921e+00,-1.999167376444649924e-01
-5.922260728035302790e+00,-2.933346917213346394e-01
1.590631599674363184e+00,-6.919330044189104800e-01
-1.713878080293208983e+00,-2.564693265889119722e-01
1.035151094668052174e+01,4.164188909618531109e-02
-2.599332852976983868e-02,-6.797789422491751221e-01
-1.243186404679720702e+01,1.676712574778836951e-01
3.480957428462036152e+00,-2.820161983490286906e-01
4.343866592711507657e+00,-1.345117387849701918e-01
-7.419787961245194463e-01,3.655208644179163552e-02
-3.062978530784628450e+00,7.640013959210355532e-01
-5.281744537594593725e-01,1.456405003641799700e+00
-5.693890206873494009e+00,-7.055883763733635794e-01
7.581070569018876215e-01,-4.377951070799110389e-01
2.475460906726559163e+00,1.424165795479610530e+00
2.514016514398508040e+00,-7.061884147699485359e-01
1.495692094045288689e+00,5.366910953474115370e-02
-3.669794342570562584e+00,-3.284676095218037190e-02
-1.737357199551857079e+00,-6.090683536322053504e-01
-1.243553075565168919e+00,2.945593359251811871e-01
-3.543661145781770383e+00,-1.326706085268599677e-01
-1.407624534951213313e+00,-6.522024813953305467e-01
3.036008154108160273e+00,-6.468786818159711904e-01
-7.426628527980745353e-01,-8.807767248683198158e-01
-8.200938071049915790e-01,-2.162004494537553834e-01
-4.853405491166346231e+00,-8.197174910497965206e-01
9.138197451056985221e-01,-1.725166815518634073e-02
5.785726205986199133e-01,1.032134163309039065e+00
5.645797854036312957e-01,1.848732438371919695e+00
2.526963050763060270e+00,1.624673669511236707e+00
-3.709018779638357799e+00,-2.358363067886510289e-01
2.478799303774663343e-02,-1.124076127229751254e+00
3.117981786102091313e+00,6.034046420768006680e-01
-1.370470338519152564e+00,1.063217479984982727e+00
-8.212872545811872316e-01,-1.275805499358255934e+00
-3.994417819297972905e+00,2.764710389796009582e-01
-2.329222879531409163e+00,-8.521964768200810392e-01
4.903695196663206413e-01,-6.115064655420070563e-03
-1.398980883196707437e+00,6.388493396784404865e-01
-2.692990161031767027e+00,1.086746985590567594e+00
-4.629116811267052434e+00,7.570386272085077861e-01
-4.297643882825617823e+00,-9.535029110677636366e-01
-7.427762411201990211e+00,-4.390194304076756177e-02
-3.985079322651886025e-01,4.865082180737467787e-02
5.710451797150545294e-01,-2.240539933619049850e-01
-2.700546172138488465e+00,-6.745530062383535419e-03
-2.183803990768310221e+00,2.276642327570349289e-01
-8.237054863676259941e+00,-6.036775149813758956e-01
4.220565025591822561e+00,-4.671485874294858953e-01
3.979726317278497127e+00,-9.351480432078256022e-02
-1.204402309460725995e+01,5.895841905351645318e-02
-5.102384925885147110e-02,-1.231666422979650205e-01
-6.604873756913972827e+00,3.938650895429583743e-02
-3.894805254484372092e+00,-3.144788725243357619e-01
9.042074733844748247e-01,2.317713796928065062e-01
8.211449338433741474e+00,-6.081946963647789639e-01
-9.123856377093117476e-02,-1.548818610040711696e-01
4.077597554118268519e-01,4.143678368510801957e-01
-5.375807123199169091e+00,-2.672808226640276466e-02
8.869439505689822312e+00,-4.506225116319225732e-01
-4.933264841664605882e+00,-1.340343651795159241e+00
8.592755665808632370e-01,1.720219956657491889e-01
-3.780191343604419885e+00,3.733968995451221722e-03
-7.937004891360300185e+00,1.440297826249707258e+00
5.235018349255166292e+00,-5.325305185902039495e-01
-3.294549846175022889e+00,1.717331130723322330e+00
1.345368012171164862e+00,-5.920016697125983773e-01
1.539022883899137550e+00,-3.017295221154088769e-01
2.068225643525438251e+00,-4.940587471055179480e-01
3.511721038849294096e+00,1.595917230212981597e+00
9.019357726104827222e+00,7.959815773480932721e-01
-8.228959146651339651e+00,-1.141520719806597084e+00
-1.325854483610934720e+00,4.906922786318029250e-01
8.975787985528850044e+00,-1.162857130448616549e-01
-7.210840335035996418e+00,-1.134736463259159167e-01
-3.903577961129884422e+00,-3.674475291006504274e-01
-5.363107396433097751e-01,2.767878239841810584e-01
-1.079549324556928758e+00,-1.234950280082583118e+00
-3.424179427505259277e+00,-6.332977209269617658e-02
4.505718189440795496e-01,-4.216668204660621866e-01
2.816241947019962333e-02,-5.990372743023155699e-01
-5.485707710061906717e+00,-6.219708572496638332e-01
-5.892426576895737789e+00,7.205935742842305425e-01
-1.285034890370295990e+01,7.569227929994123416e-01
-8.956743475136326460e-02,9.671414470064724697e-03
-1.487138083415605161e+00,2.238328297124953792e-01
-4.866369525305355159e-01,5.878049065797652517e-01
-9.196160191875486500e-01,-1.047805719854635609e-01
-3.154919402091237446e-01,-5.641748572919333959e-01
-3.431124585689368622e+00,-1.142562622933794708e-01
-6.453264344001005348e+00,3.371935057561789018e-01
-2.263257234924350936e+00,-1.889784385894652530e-01
-5.969967984789377624e+00,-1.427488427826791723e-02
1.289853800923536742e+00,1.501994123361524158e-01
-3.912468115898569909e+00,-1.142691394798599047e+00
-4.189869299822899684e+00,1.935176242203973107e-01
-2.412745663005301466e+00,1.621202675371485602e-01
1.608698672552872022e+00,3.306025945916490905e-01
-4.722471945165431784e-01,-4.182168385597994503e-02
2.679668635572389768e+00,-1.063557533925984844e+00
7.794022944477005943e+00,4.882749268676037091e-02
-1.814258612714107377e+00,6.929291332041175311e-01
5.810465766308537949e-01,1.861462671476750153e-01
-5.306417056696332679e+00,6.524532434489730415e-01
-7.270054855950180972e+00,-2.407938726380118993e-02
-6.724226289854175143e+00,1.188585298952918728e-01
8.385187138266257945e-01,1.137297284459020535e-01
-1.639397167820592083e+00,6.715082746205685016e-01
-1.114096125504350221e+00,-3.697816221452104868e-01
1.411420817127229943e-01,-2.869932300499110078e-01
6.942980112697350492e+00,6.908728576902053442e-01
3.830558493727482805e+00,1.167611128168314361e+00
-4.218241581766744908e+00,7.152215899216098904e-01
5.825133336660026195e+00,9.912645978328873397e-01
-2.381574071103154555e+00,-5.590808314643834487e-02
-4.743990019026028016e+00,-8.037610877262627573e-01
2.757208776080091184e+00,-8.283818445767324179e-03
5.000808085035646222e+00,-1.632312171088464714e-01
3.291157275283798977e+00,-2.331468756731002456e-01
2.768898391034973816e+00,2.172492422010760538e-01
4.939247981591736725e+00,-9.542807103197630259e-01
-1.238078365195849795e+00,-1.101567267459869548e+00
-4.126419671466890371e+00,-1.336344823417422223e+00
4.192983644482894512e+00,-2.274993492737748535e-01
3.191106479868773271e-01,-5.893623006586272695e-01
5.674767804541773764e+00,4.947990988054513095e-01
5.285812589672470807e+00,-1.192254505309796819e+00
7.274412996028424061e+00,5.088230073699612221e-01
-2.023283366519736948e+00,2.096762644989451363e-01
5.114090749785605849e-01,7.910471809089568707e-01
-2.716346889114669150e+00,-1.559994733085112162e-01
-6.671615286354689367e+00,1.201505542069981169e+00
-2.218468188975988298e+00,-7.510428946638877390e-01
-3.588508468980667665e+00,-1.319844883247868417e+00
1.542410003150536911e-02,4.763874282921192749e-01
-7.961617065441602747e+00,-3.750960568166120807e-02
-1.417876223434748617e-01,-6.168805441006556256e-01
-7.579193769738806763e-01,-3.755727019725487170e-01
2.802627307302784310e+00,3.319244489462916947e-01
1.965630386940064867e+00,2.211992154427335211e-01
7.753894683360267770e+00,1.086066478832135251e+00
-1.296062389934279357e-01,7.344164859875026430e-01
3.086756200472228429e+00,3.192740277528285930e-01
-3.686624325385720713e+00,-1.976805316837406457e+00
2.909743166104278966e+00,-2.415433752406167811e-01
-1.533206368348351889e+00,-9.994014540562040638e-01
1.554204499374577164e+00,-2.412776408045043952e-01
8.264113789682217548e-02,-1.018981892044659388e+00
2.969959708703755030e+00,-2.552232941315724091e-01
-1.581637397909391396e+00,-6.874660436312071132e-01
-5.470649044890603996e+00,-4.967437577138718030e-01
7.462260750977995905e+00,-1.687929364616167938e+00
8.121020492215778042e-01,8.537744706876094769e-01
3.092714495162446564e+00,-1.400697516471168802e+00
2.931847490850132854e+00,-1.243907755628070877e-01
-1.032080497473154113e+00,-3.029906111561596060e-01
-3.962041249600110504e+00,-8.681235187164617617e-01
-2.694656179153391284e-01,2.047113560133766164e-01
5.345378623588495692e+00,2.020973370977356409e-01
-8.207795627179649500e+00,1.146462914454095650e+00
-3.260592280945130206e+00,-8.255537426204892504e-02
2.776983513866070410e-02,5.127340650780067843e-01
-2.937099124468435907e+00,8.849780962908780912e-01
3.828234087447439205e+00,9.349390940775037517e-01
-4.868307025954870859e+00,3.232302518261468416e-01
-2.809671623346413849e+00,1.111319688637759207e+00
1.499191377221249066e+00,4.908406088751221530e-01
-4.954029387031142484e+00,1.877418596781564586e-01
-2.916027999870115739e+00,-4.524330056766627806e-01
2.876777521538557814e+00,-7.020812260259682303e-01
2.249556679348085453e+00,-5.076076664521396165e-01
-3.412953035519343259e-01,-7.365678755524203425e-02
3.714803891598847385e-01,7.086332331231410819e-01
-3.026875060697972852e+00,4.402723810350090972e-01
5.553360572564357334e+00,1.020420705360567837e+00
1.926907213899726745e+00,-1.288177049226472581e+00
-7.382369518616684445e+00,2.311684145652365130e-02
3.444584700272563360e+00,-4.826148452989141580e-03
7.662940484835061017e-03,-2.459910298190323696e-01
3.141375430582578065e+00,1.608990378127604648e-02
3.933172364432859336e+00,2.793732507142869248e-01
-8.318585855930817896e-01,-2.129269280214755519e-02
4.130368204812610244e+00,6.916909882540322671e-03
9.618021184057224948e-01,6.549327698691173594e-02
3.487938267173061657e+00,9.909673951835985539e-01
4.652482118458840965e+00,4.904524818131717617e-02
5.029928723383846112e+00,1.573570569269091113e+00
3.751552202961718763e+00,-6.191455792707232231e-01
7.403769900193674092e-01,5.421246757618740642e-01
-2.672194187292670775e-01,6.201546639910248127e-01
1.131608821171042445e+00,-1.645677679526683868e+00
-4.411269055231609393e+00,1.883304697640303671e-01
-1.857670275911787572e+00,-5.499353473478846288e-01
9.169978005507488206e+00,4.318294597671165636e-01
-4.035370076538599804e+00,-2.271446528929985942e-01
-2.114754406491210770e-01,-1.181060554285282560e+00
-9.036051918664780302e-01,-1.594322978189630646e+00
5.042647212576535587e+00,-7.157661038100114892e-01
-2.730015082258339998e+00,-4.902794887540491420e-01
1.092566053059093534e+01,5.318506857743150462e-01
-5.787224050683214216e+00,-2.015329072767605145e-01
-7.251238394252291108e+00,6.860023612578708407e-01
4.034248993511799775e+00,8.078147379261395589e-01
7.712787185313559668e+00,-5.772214677264017046e-01
-2.074115737655823466e+00,7.673013056505830765e-01
4.091079097135371434e+00,-2.954893709377724442e-01
6.437825739643177059e+00,1.030682976263288309e+00
7.096228976032724844e+00,5.348894536715639303e-01
7.763022781335660039e-02,-2.389801358896335992e-02
1.846095510136766427e+00,-1.025130559034886646e-01
-6.186339524866196982e+00,-7.784768910681907350e-01
-4.616823546729889927e+00,9.770298816401734587e-01
2.542990173911827689e+00,-9.241019745106265892e-02
-3.433846216234698101e+00,1.566411786879298829e+00
-4.650837251667549466e-01,2.021038732551249328e+00
-3.755751191463041927e+00,-3.438839507288471986e-01
-5.403653419930140700e+00,-9.151851282652192360e-03
-4.109452955648122519e+00,-5.730994428614144542e-01
-3.123427441545051142e+00,3.310434705659184851e-01
-1.868151499197006293e+00,1.104879992754337209e-01
7.514057667934043394e+00,-3.559068415843725242e-01
-5.314937302978764322e+00,-1.374471965409413965e+00
-2.607995532219074430e+00,6.997912817873309654e-01
7.352973360296006788e+00,-8.330622515287969820e-01
-9.789512836588284972e-02,8.991274043871629873e-01
-9.222668777917907290e-01,-1.487225955656403142e+00
-3.130895127187049543e+00,6.645194597429778804e-01
6.574181226166163350e-02,-5.602500143342933336e-01
-7.142188234816182479e-02,-4.957519853966868562e-01
-1.440439052889614491e+00,4.663033425599384940e-01
2.700340114632417965e+00,-4.719933377016364284e-01
-2.329779185248242346e+00,6.471632471879397441e-02
2.656351029932253027e+00,-1.187292545318444192e+00
-4.510272465783127238e-01,-9.631875733529903227e-01
6.235195918886262234e+00,-7.321959296142367402e-01
9.024877336686852658e+00,1.201369161573506483e+00
1.557271390957419843e+00,-9.403983431032698626e-01
8.049218173577202817e-01,1.017947479905947361e+00
3.828798578206621617e+00,8.082808309021031201e-01
3.108986477349765298e+00,-2.988967997696045931e-01
3.188361939724317029e+00,1.380084755411375097e+00
1.997558531500233769e+00,-1.373451879658528663e+00
-7.710427047434386116e-01,7.464992825778469232e-01
-7.381738835721353142e-01,8.983427461900463096e-02
3.130277492304409659e+00,-3.770686442789598636e-01
4.977084894227194134e+00,8.963466610972296855e-02
5.040356819700807511e-01,1.356440543716459501e+00
5.232480891472825135e+00,5.699885179880369579e-01
8.352601711545305507e-01,-2.216716367218415640e-01
9.635828896330183024e-01,5.789935221815506461e-01
1.183946877706727907e+00,-9.823755599905575897e-01
2.449225839308462493e+00,6.496829571194523423e-01
-3.835849065611280029e+00,1.567389319198431386e+00
3.428600935079253897e+00,-4.283172066904847863e-01
-6.556484739931023320e+00,3.459687413785514920e-01
4.998047660236032641e+00,-6.762680454536834640e-01
-3.854067217345942709e+00,1.061681003292008985e+00
-2.095113665530996983e+00,1.154656837474738046e-01
1.839043296383252146e+00,-6.265541772256862929e-01
-4.090149549708537613e+00,7.528337342976384461e-01
7.490310836676230544e+00,3.249673677498268742e-01
1.078929441185867200e+00,2.344270341672508307e-01
7.153445411689205002e+00,-1.435137601964953623e-02
-5.851097818790131910e+00,2.158977315834688382e-01
-4.603440329841592238e+00,-9.624628285029218633e-01
-1.778772787423709367e+00,2.683163266329547381e-01
-2.440169682980537491e+00,-1.673394799616039763e-01
-1.079733675376979146e-01,1.317957097019675672e+00
8.487406726851597361e-01,2.923013490615070098e-01
1.878439055074723196e+00,-5.483749067641758845e-01
4.002100563909626096e+00,-1.977087915458360656e-01
-1.467265147474664744e+00,-6.754867299097437883e-01
-4.417953699109375520e+00,-6.286502494431424060e-01
-3.199218032610557039e+00,7.354075898255546528e-01
-2.217992220989594809e+00,-1.270913976658774258e+00
-9.316199045762802555e+00,3.134829274474871252e-01
-5.763764236422800336e-01,5.272026357109552697e-01
-2.860718350910901986e+00,7.282647799182619952e-01
-1.886228719940862275e+00,-1.064059348106700220e+00
-6.435848502366773083e+00,1.122812556534361850e+00
-1.163479543259834159e+00,1.025580467647702887e-01
-1.344551833446634426e+00,4.792526026433868713e-01
3.832971578648427524e+00,5.005851165630884614e-01
1.259997846202339788e+00,2.413367217441183057e-02
6.572672907653578367e-01,5.130342477730472917e-01
3.983772427202188382e+00,-6.778395257256597528e-01
4.764021357361352571e+00,4.634722445927596524e-01
-1.198002954438114331e+00,3.364377451088647053e-01
-4.222116729270771529e+00,-4.413027250933310164e-01
-2.542841012197869510e+00,4.918952402149023850e-01
8.930717798895302373e-01,-5.840179750575433815e-01
2.857209693459872302e+00,-2.019096740749205254e-01
-3.842965473918955599e+00,1.725136529313004763e+00
-3.681311723933082369e+00,-7.348695511316601925e-01
1.588468591175501654e+00,1.223804179439476725e+00
1.948929882934488989e+00,-6.671700787560924661e-01
-4.282093335507180853e+00,-1.260782992451578988e+00
4.615677711989254028e+00,2.165431208754791670e-01
-1.423622400955780742e+00,5.714621691996200070e-01
-1.025098488266237506e+00,-1.063544486727312499e-01
-5.429880793212966239e+00,-5.218994629954171183e-01
8.602111167023253069e-01,9.929850228623749997e-01
-4.347476064857829670e+00,-1.210309310930423043e+00
-1.636965851234764902e+00,1.359301251347029837e-01
-1.711744716011057044e+00,2.804446359979956283e-01
7.714885329036978767e+00,-8.235617812799103099e-01
3.864751000768718470e+00,1.233312456347751329e+00
8.142699265869287828e+00,7.713613975486683927e-01
1.680953487079616115e+00,-4.308203454075444638e-02
-4.265655057679367701e+00,-5.883617976592768750e-01
-9.076347979093353224e-01,1.862207523746158278e-01
3.812773344769516015e+00,-8.175825154403900674e-01
-2.852229181945107328e+00,8.548004522557508533e-01
1.011948440047591991e+00,-5.562615681249349908e-01
-4.412610316159566892e+00,-8.950309557966681928e-02
1.897644269354523239e+00,1.666764562326722987e-01
2.973985418277594661e+00,1.882719137984515401e-01
6.735004529582099053e+00,2.566283724852205239e-01
3.070605438481850857e+00,-1.978928437377666383e-01
-4.394277581247693298e+00,1.577566159110985744e+00
1.302739294278890014e+00,5.807093234395463432e-02
-1.567609611561112004e+00,-5.564329698905471355e-01
-2.801803874564646968e+00,-8.394549998116663803e-01
-6.224592221571496609e+00,1.444962186259961257e-01
-1.353813754783619039e-01,4.998036121138980659e-01
-3.635121284639644568e+00,-3.494200337169693915e-01
-7.075816267481220834e+00,-4.370588153865354042e-01
2.592774539058805061e+00,-1.153654889869146327e+00
-6.259059323311562117e+00,5.717674122781932766e-01
5.885733810375050057e-01,9.158106395919733966e-01
1.374159508649199424e+01,-4.733024627142307650e-01
-4.996498333468267106e+00,-8.529508344020987343e-01
4.589502177171588038e+00,-1.013828378362870097e+00
3.022404558121523088e+00,-5.475370138801582964e-01
-1.123632803380228751e+00,-5.726600463092459958e-02
-4.039023334791096431e+00,-4.138168107469625823e-01
6.451803934462617462e+00,-8.157663780574253565e-01
-6.297079961636281809e+00,5.486704335321178627e-01
-3.031172533247886935e+00,-4.279666623674363013e-01
-3.750139276177068215e+00,1.467823589813487484e+00
-2.450299790270239697e+00,-9.038755692227213867e-01
7.294297039411552497e+00,4.555324957981822798e-01
5.376241670896610980e-01,7.981032818573532972e-02
-4.950581386147211993e-01,2.875348021714755342e-01
-1.722248794673995942e+00,-3.849320919387101414e-01
1.089832035242883856e+00,-7.143262198046711198e-02
-4.874220961946313935e+00,-8.374331252691999961e-01
-7.279663391498517377e+00,-9.505238585080834079e-01
-2.998988611084071554e+00,2.299642786816513407e-01
-4.437109545883869410e-01,1.891830611066591394e-01
2.303948809880552062e+00,4.012181020554329014e-01
-2.483014258726299772e+00,2.152228503468466003e-02
-4.448294717517265795e+00,-2.890765762920032289e-01
2.477493770990343069e+00,-9.792384147176558251e-01
1.347457109479132775e+01,-1.535078107028207128e-01
-4.933744738876518765e-01,6.399744275381566982e-01
-7.628122075886462738e+00,2.242197343230623030e-01
-2.650834536345889614e+00,-5.390839362894844777e-01
-2.171402919931559428e+00,-9.386914639045822462e-01
-2.109085869283410908e+00,7.133995255847817019e-01
3.242572435538953357e+00,-9.753135198215499013e-01
2.997263016720156603e+00,8.160914255631095404e-01
-9.060137985264031801e-01,-1.122719915677593994e+00
4.068089708079842381e+00,1.593803034329076274e-01
7.745521058720080454e+00,-6.664886833317110737e-01
-2.378635098295196482e+00,-1.271929443027572937e+00
1.516847586585663432e+00,-2.629189345472408013e-01
1.640848799814522696e+00,1.434783305837068479e-01
-1.816462185001125773e+00,1.869785228080866613e-01
1.734992774738361998e+00,-1.035597170369403575e+00
1.543896094691350473e+00,-5.819674784914372623e-01
3.760062665874886800e+00,4.294662233255371331e-01
-1.611915272031544388e+00,9.665438255477204477e-02
-3.204633695189291753e-01,5.231128014028304518e-01
-5.479336746751651610e+00,-1.470786408561854941e+00
6.145522525687416859e+00,3.823822715715788911e-01
-9.863988720701984958e-01,-2.836322042230743357e-01
4.257410846774521751e+00,-1.804760181930867624e+00
-2.189881256248921826e+00,2.062459162431586404e-02
2.411277656760742349e+00,-5.873011940473499282e-01
4.050195122701968908e-01,-4.945249331881388932e-01
7.657685420672380339e+00,3.401736693211498963e-01
7.084685672692326186e+00,-3.467062307718705161e-01
-1.794636344237934278e+00,5.341895619498620018e-01
3.279655660902032199e+00,8.870636552202899594e-01
2.865063113294356700e+00,3.182606512324732684e-01
1.838782836919294450e+00,2.597379746846961712e-01
4.306891052004671927e+00,-2.049368729943566725e-01
5.390471017089349282e+00,-1.316228712619989250e-01
-8.510175444328168526e-01,1.119423977068118997e-01
2.172109836671382244e+00,-1.209130482689661168e+00
1.643822704834770221e+00,8.265166109032715536e-01
4.975671167670643769e+00,7.461847018041203317e-01
4.402949424860685745e+00,1.391465463541445846e+00
2.815596708286261407e+00,-7.007296829796240134e-01
-2.897282435456823180e+00,1.075698521683595699e+00
8.332740746823160904e+00,1.642650989680246032e-01
-2.329934750225762574e+00,-5.312424927686509868e-01
-2.102510730613388112e+00,-5.575942982170333240e-01
-2.714383978729431934e+00,7.466917437595216311e-01
3.934405434529868462e-01,2.469327127635324165e-02
2.545831604888010080e+00,-1.068560739462759424e+00
1.013712788200711756e+00,9.211547587423524197e-01
-3.087350064298806984e+00,5.494662600272408604e-01
2.705258002059678368e+00,1.083503215715842183e+00
2.095882263156731706e-01,4.936650673737485451e-01
-1.105392097133893792e+01,5.660590319233235190e-01
4.704744380468550702e+00,1.508630672598583744e-01
-1.330979580796667561e+00,8.851061980804527662e-01
-1.995057356164513740e+00,9.455080667626669655e-01
4.744812214687225804e+00,1.163724276327552376e+00
1.959612181063462355e+00,-1.534786021936384581e-01
4.018496892136462328e+00,6.471904248509798840e-01
-1.846532572136553085e+00,-8.295779264102637329e-01
-2.325541721435737674e+00,-1.947956112835178777e+00
2.071675259406104530e+00,2.798628924733806422e-01
1.327693672400866554e+00,-3.451870573326238367e-01
-1.335510413868136403e+00,2.045359611084607010e-01
-5.584462214574286598e+00,3.669829072504902923e-02
-6.754335233767535307e+00,3.724347887501947563e-01
9.573902604636248981e+00,-3.868538885107843939e-01
-6.629590021588044335e-01,-3.419552233216865411e-01
-6.026410014026694073e-01,-2.294614217690454372e-01
2.659162932514598232e+00,-1.380618110886801808e-01
3.959588157120581098e+00,1.951444596126626629e-01
-3.220259306313313363e+00,7.642038040543739363e-01
-2.344413514025708078e+00,1.372122321751693796e+00
6.178376992421751090e+00,5.270382392756314260e-01
1.447201302330347161e+00,-4.055336057105785597e-01
-5.451553215943995667e+00,7.645663479937847562e-01
-7.014491143742723978e+00,2.009715179652866723e-01
4.562931852524531706e+00,5.853415178123935192e-01
-2.653589016512846399e+00,-9.705327782282194837e-01
4.704019492226522381e+00,-8.297993499571274523e-01
3.584539867608104835e+00,3.269388003496812023e-01
3.256720495995219178e+00,7.848879576430825011e-01
1.211627833490964701e+00,-7.544503639125973438e-01
6.062537689827053988e+00,1.064093449021176419e+00
-4.622544292209139982e+00,-1.096229797552361163e+00
-1.899541894564699573e+00,9.718785460467621595e-01
4.610101903806159918e+00,9.694369064351785470e-01
7.213806410397682001e+00,1.248532148165434619e-01
2.027532662576697620e-01,-4.887627057917143802e-01
-6.738512677750878588e+00,4.191694093905627971e-01
7.652892804383434888e-02,3.889614960243995001e-01
6.795886555123575867e+00,-8.408790534085918145e-01
-6.755677167227865931e-01,-4.364250612360272563e-01
7.189360186922212348e-01,1.467799929397453351e-01
3.559364944603964354e+00,1.908977339718547439e+00
8.391690717321836246e+00,3.289081169108817315e-01
1.392994106235816654e+00,-9.760930537771412840e-01
9.623192214815917467e+00,1.502464965317834300e-01
2.649489197316024836e+00,-2.552256478672968454e-01
-4.770930780471977606e+00,-2.818094081846235777e-01
-5.361545119403854365e-01,-1.750787851252971983e+00
-1.542417068067164276e+00,-6.676304334589268710e-03
2.895952398612574807e+00,1.709739901180309385e-01
7.007190802759869497e-01,1.051771238498096395e+00
-6.344200137492552738e-01,3.651294941994536747e-01
1.095604944049764384e+00,-4.786996418900275052e-01
-2.357575999839409686e+00,-3.426128111774839335e-01
-8.251229286343161107e+00,-9.555006640156221698e-01
-7.499858539445815708e+00,-1.048569857440122544e+00
-6.990779968395857136e-01,3.169204732282384085e-01
3.959963807900628296e+00,-1.491112693621437835e+00
-3.027676114147548336e+00,2.249855457262157188e+00
-6.867192014145413026e+00,9.358525244812255783e-01
3.244710239437644361e+00,-2.362067353833858796e-01
-2.332010146112397653e+00,1.042489677622356670e+00
-3.414097168218965250e-01,1.005806195885645904e+00
-2.158807156427279494e+00,2.223123418975962995e-01
7.282603822812856453e-01,2.291081863776144589e-01
-3.602975555779743377e+00,1.741070512002191317e-01
1.769408977571099939e+00,-4.755476351997693363e-01
6.930978570937900152e+00,-7.610477415086999153e-01
-6.101288970560497127e+00,6.217573976575838657e-01
-5.789805644966005360e+00,1.418635505212248737e-01
-6.849253968625373945e-01,-1.573650253099069252e+00
-1.996397580022947205e+00,3.916581232159975501e-02
-2.989372783584535398e+00,1.219579901968895486e-01
4.210869315640084487e-01,9.490736543754790810e-01
-3.135074916569427828e+00,4.517305317783631424e-01
1.895859260618147468e+00,-5.269877231729633849e-01
-2.326596287759669091e-01,-3.361657468813805671e-01
-1.039305396274307736e+00,-3.648733675419892908e-01
5.302499532344954858e+00,-7.004254237235763014e-02
7.611615490168545106e-01,-1.585565764074565953e+00
2.463123905248437495e+00,-8.591545119603170022e-01
8.696892359707321773e+00,8.907036212570366152e-01
1.453366878041514543e+00,4.206982351451994950e-01
-2.758421260533719943e-01,-5.301661886588152628e-01
-6.232404670607415431e-01,-8.364344101298505363e-01
5.776528441463172570e+00,1.124905539987410136e-01
-3.164584517482184278e+00,5.928856969244596792e-02
8.497203858567907275e+00,-1.223389159016258776e-01
4.596623388871022620e+00,3.481319575053868909e-01
-5.484511484812128579e+00,1.160381430242191661e-04
4.276352908573920253e+00,-5.893806400689711733e-01
2.642175738056856904e+00,9.254219185182712692e-01
4.340974847568914718e+00,1.231063392175656412e+00
-1.433559456817927069e+00,4.696524378230795826e-01
1.204335577753790743e+00,-2.675494038987639156e-01
-6.959152587571857396e-01,-1.504716955335164419e-01
-2.983474916538208621e+00,-4.400015531201478813e-02
3.784893024869037781e+00,-2.596503490785359025e-01
-1.890643308644476273e+00,-1.573434260100029514e-01
3.220584905140847720e+00,-7.520315165063644613e-01
3.830514285111517037e+00,1.137438484562719454e+00
5.958087208320366202e+00,-3.779737314090870770e-01
1.089786629909266003e+00,-1.041678274448299413e-01
3.265867317378488899e+00,-5.771040680352068630e-01
2.543215332202035661e+00,-1.405304418297074864e+00
-1.439062484172605849e+00,2.338381204507339328e-02
1.100418846554223329e+01,3.844822615760364881e-01
-2.578716507610140152e+00,8.851772741108631104e-01
-3.029815094530470709e+00,6.753125864035036674e-01
-2.445358428778733551e+00,-2.078423648452091266e-01
3.674643945903155462e+00,8.415066916258948648e-01
-1.872357096885062022e+00,4.237110007369460779e-02
-2.974493510299979881e+00,-2.151863324684951118e-01
4.350214378975138629e+00,1.130007794469824467e-01
-7.425092344289895507e+00,3.751012938397172425e-01
-5.578835071153739555e+00,1.205253153033975788e-01
-1.518503038622620371e+00,6.063382408778782429e-01
5.075325778797244780e+00,1.320897878467096831e+00
3.144150753755941441e+00,2.332587839124544704e-01
5.322795113775461218e+00,9.575806012989399041e-02
3.862955650724502643e+00,-5.763377002063341248e-01
-6.514803928364753638e+00,4.131623282630026567e-02
-1.483903289447584539e+00,-9.491491488063014126e-01
-1.703376870897529205e+00,-1.229931445832063847e-01
-3.523394151166459487e+00,1.709768146989428320e-02
4.703534143850804483e+00,-6.305972601141905942e-01
5.734659574830343942e+00,5.790186305227825597e-02
-5.096092226724494800e+00,7.651862687059195478e-01
1.405924495124446505e+00,-1.896044247606897826e-01
-2.486161549690916850e+00,-1.062962977408751369e-01
-6.700057751817883656e+00,-3.669062008674144892e-01
-8.323560038808667016e+00,9.817783154845362015e-01
6.990709541227262847e+00,2.758099583241213626e-01
4.076974181914413187e+00,1.427767487024846238e+00
5.532236132594940514e+00,3.593078648191454921e-02
5.507799355861171975e+00,-4.508019652116388443e-01
-3.504786834457473965e+00,-3.598588476040809891e-01
-2.647277799215652205e+00,9.960528129079702087e-01
4.982587828901527516e+00,2.841491197477823971e-01
-6.234387413574202341e+00,2.800910117951158074e-01
-5.594987259992971751e+00,-1.458260374584059216e+00
5.454350505098215507e+00,7.895202529421073423e-02
4.061011114437229619e-01,1.101801609746485139e-01
-3.081232865741558413e+00,5.387493522142634550e-01
-7.219576025716957446e+00,2.205196842618132869e-01
4.229535721432053919e+00,-6.426171930891322326e-01
4.645529145482632849e+00,3.651619354959618757e-01
1.751622536571171951e+00,1.253568604994446944e-01
1.041273792115891217e+00,-2.158913236483235229e-02
9.237769839489947676e-01,-2.368235600554662590e-01
1.886800518461460019e+00,9.793137001808235320e-01
-3.170575404505725725e+00,6.350888392349893774e-01
-9.529941370168515391e+00,2.825157775642903046e-01
-3.100124795308500047e+00,-3.662918649191359566e-01
-2.873890695216319457e+00,-1.030763873214669779e+00
3.058914017188963719e+00,-4.773904564159966446e-01
4.104343716376532392e+00,-6.450400521940088949e-02
4.790679289598105406e+00,-6.001367643240679978e-02
6.705330241603908448e-01,1.586117531698485739e-01
-3.252048864304456721e+00,2.926192573817382736e-01
6.518318873503645250e+00,-9.700655477839884577e-01
-3.130419859241789782e-01,7.687404814460158109e-01
-2.436228975001237362e+00,1.395799973561354435e+00
9.231404516042698294e-01,-1.146877825379398974e+00
3.809598887585080584e-02,-7.509099910828904711e-01
8.712232591026339845e-01,-1.146036176175399657e+00
-1.068430431284303594e+00,4.855517686747871098e-01
-5.585891706690008007e+00,4.085350312057648425e-01
-3.476426122269008712e+00,-1.835677352703419807e-01
3.682546577123464449e-01,-1.037172602622854489e+00
-9.424944477901467943e-01,-1.116434672153143959e+00
-1.040920927456799916e+01,-4.829224361898544204e-01
6.630177031423828637e+00,-4.699206476905896657e-01
-1.997681816283557010e+00,1.240696455576375312e+00
-8.720154367874419776e-01,2.249962986706911805e-01
-7.468806214673927357e+00,-4.145024205977327902e-01
6.174214899222353337e-01,1.556206254503966990e+00
8.490535096432048068e-01,1.054369859735331039e+00
-4.720493477995530540e+00,-1.101032676681652278e+00
-8.890764980339481705e-01,3.018194583109211626e-01
4.224947368682345328e+00,-2.171483705106245221e-01
2.420884068875205575e+00,1.547486540688951251e-01
5.855786802540790426e+00,6.325258763898513603e-01
-5.255962639204941667e+00,-8.670860699375783076e-01
3.997878223360911143e+00,2.348753597856570730e-01
4.208519230889152807e-01,7.105818074260531469e-01
9.047171692020759437e+00,7.935097332817517835e-01
5.848397278894754692e+00,-1.690015950730139882e-01
4.973266809065913563e+00,6.519256198904251898e-01
2.772672126815836524e+00,-7.594061619761788284e-01
-2.306073922264205489e+00,-5.045330252327110410e-01
-4.478425296904641750e-01,4.212516296929622039e-01
-1.565892791129540829e+00,-1.115627516835313582e+00
-6.962939206736409758e+00,2.041669547757906933e-01
-1.901285040938924142e+00,1.325257704052369423e-01
-5.054554995285414076e-01,-8.609241343132124635e-01
1.481621737571070963e+00,-7.148961953360718491e-01
9.246708568689800956e+00,5.339810347526565693e-01
7.898308258629981315e-01,-3.301475442271020744e-01
-5.942477857776193417e+00,2.645934644725002061e-01
2.825369215420369340e+00,6.906017214543785920e-01
-4.276584072922847035e+00,-7.370688844024196884e-01
-1.552800741003249829e+00,2.604213913334180730e-01
-2.974903827823077940e+00,1.145463489473196594e-01
-1.445523789901583367e+00,-1.186395070815082775e-01
-6.370749696994154609e-01,-1.698098356467726555e+00
1.267408674506834698e+00,-1.169040554111593133e+00
-1.750818895059700120e+00,-7.169786965181952632e-02
2.961529069835560968e+00,3.073136855157310721e-01
5.445470742935519803e-01,-2.430242121003706457e-01
